{
  "method": "kivi_topk",
  "bits": 4,
  "group_size": 32,
  "residual_length": 128,
  "topk_params": {
    "K": 4096,
    "n_sink": 128,
    "n_local": 4096
  },
  "max_new_tokens": 512,
  "model": "meta-llama/Llama-2-7b-hf",
  "records": {
    "32768": {
      "mean_ttft_ms": 1636.9564036666209,
      "mean_decode_tps": 12.850809535819685,
      "mean_decode_ms_per_tok": 77.81935557403781,
      "mean_peak_mem_gb": 25.819475967999995,
      "n_stable": 3
    }
  }
}