{
  "method": "kivi",
  "bits": 2,
  "prefill_len": 1024,
  "max_new_tokens": 512,
  "model": "meta-llama/Llama-2-7b-chat-hf",
  "results": {
    "1": {
      "oom": false,
      "mean_ttft_ms": 111.29325449999783,
      "mean_decode_tps": 27.261138988883268,
      "mean_total_tps": 27.15283499898794,
      "mean_peak_mem_gb": 13.95974144,
      "n_stable": 4
    },
    "2": {
      "oom": false,
      "mean_ttft_ms": 130.25061750000333,
      "mean_decode_tps": 55.224304212261224,
      "mean_total_tps": 54.945546302471776,
      "mean_peak_mem_gb": 14.414307328,
      "n_stable": 4
    },
    "4": {
      "oom": false,
      "mean_ttft_ms": 210.98299299998757,
      "mean_decode_tps": 111.84881092200243,
      "mean_total_tps": 110.78862035734726,
      "mean_peak_mem_gb": 15.308234752,
      "n_stable": 4
    },
    "8": {
      "oom": false,
      "mean_ttft_ms": 414.50867074999564,
      "mean_decode_tps": 223.07209987785845,
      "mean_total_tps": 218.5648945240387,
      "mean_peak_mem_gb": 17.103167488,
      "n_stable": 4
    },
    "16": {
      "oom": false,
      "mean_ttft_ms": 813.0870357499873,
      "mean_decode_tps": 438.3541140123224,
      "mean_total_tps": 420.86505485225626,
      "mean_peak_mem_gb": 20.681760768,
      "n_stable": 4
    },
    "32": {
      "oom": false,
      "mean_ttft_ms": 1639.789277000034,
      "mean_decode_tps": 872.6897415427874,
      "mean_total_tps": 804.0329031320625,
      "mean_peak_mem_gb": 27.837898752,
      "n_stable": 4
    },
    "64": {
      "oom": false,
      "mean_ttft_ms": 3299.7395682500046,
      "mean_decode_tps": 1306.5673110481737,
      "mean_total_tps": 1156.652991559794,
      "mean_peak_mem_gb": 42.101940224,
      "n_stable": 4
    },
    "128": {
      "oom": false,
      "mean_ttft_ms": 6604.683712250051,
      "mean_decode_tps": 1525.7442491371642,
      "mean_total_tps": 1324.6476035777787,
      "mean_peak_mem_gb": 70.690840576,
      "n_stable": 4
    },
    "256": {
      "oom": true
    }
  }
}