{
  "method": "baseline",
  "bits": 2,
  "prefill_len": 1024,
  "max_new_tokens": 512,
  "model": "meta-llama/Llama-2-7b-chat-hf",
  "results": {
    "1": {
      "oom": false,
      "mean_ttft_ms": 37.092258749997775,
      "mean_decode_tps": 71.6596795293822,
      "mean_total_tps": 71.42808324496528,
      "mean_peak_mem_gb": 15.12047616,
      "n_stable": 4
    },
    "2": {
      "oom": false,
      "mean_ttft_ms": 65.64402949999959,
      "mean_decode_tps": 139.5678134631371,
      "mean_total_tps": 138.5973339486414,
      "mean_peak_mem_gb": 16.73093376,
      "n_stable": 4
    },
    "4": {
      "oom": false,
      "mean_ttft_ms": 126.76207724999955,
      "mean_decode_tps": 240.00922329097233,
      "mean_total_tps": 236.95128896078026,
      "mean_peak_mem_gb": 19.951455744,
      "n_stable": 4
    },
    "8": {
      "oom": false,
      "mean_ttft_ms": 265.30863749999867,
      "mean_decode_tps": 342.7329099213946,
      "mean_total_tps": 335.9324784484055,
      "mean_peak_mem_gb": 26.392499712,
      "n_stable": 4
    },
    "16": {
      "oom": false,
      "mean_ttft_ms": 494.827968249993,
      "mean_decode_tps": 433.88145055060204,
      "mean_total_tps": 423.6039107439322,
      "mean_peak_mem_gb": 39.275308544,
      "n_stable": 4
    },
    "32": {
      "oom": false,
      "mean_ttft_ms": 1010.0964957499912,
      "mean_decode_tps": 509.8338130537493,
      "mean_total_tps": 495.2343145475581,
      "mean_peak_mem_gb": 65.040598528,
      "n_stable": 4
    },
    "64": {
      "oom": true
    }
  }
}